period,target,naive_mae,seasonal_mae,xgboost_mae,train_rows,test_rows
15m,volume,4.866071428571429,3.3526785714285716,2.572716474533081,29440,224
15m,AHT,37.78807308107285,40.88459715458833,28.529374240366487,29440,224
1h,volume,18.125,4.446428571428571,3.277963,7360,56
1h,AHT,19.456173,16.60088,14.153058,7360,56
4h,volume,147.190476,146.761905,6.679878,2767,21
4h,AHT,12.856463,10.778149,10.211651,2767,21
8h,volume,423.214286,415.642857,17.768258,1846,14
8h,AHT,15.858299,17.538372,8.790059,1846,14
